Designator,Val,Package,Mid X,Mid Y,Rotation,Layer
C1,10 uF,C_0805_2012Metric,58.45,-55.6,-90,top
C2,10 uF,C_0805_2012Metric,58.5,-59.15,90,top
C3,4.7 uF,C_1206_3216Metric,17.779,-13.508,-90,top
C4,4.7 uF,C_1206_3216Metric,90.7,-44.4,0,top
C5,100 nF,C_0603_1608Metric,89.9,-46.4,0,top
C6,220 uF,CP_Radial_D10.0mm_P5.00mm_Horizontal,44.75,-19.2,90,top
C7,4.7 uF,C_1206_3216Metric,51.2,-20.4,0,top
C8,100 nF,C_0603_1608Metric,52,-18.4,0,top
C9,100 nF,C_0603_1608Metric,55,-13.615,180,top
C10,4.7 uF,C_1206_3216Metric,91.225,-33.7,180,top
C11,100 pF,C_0603_1608Metric,49.7,-13.2,0,top
C12,10 uF,C_0805_2012Metric,56.585,-19.415,-90,top
C13,10 uF,C_0805_2012Metric,58.585,-19.415,-90,top
C14,100 nF,C_0402_1005Metric,54.6,-18.2,180,top
C15,1 uF,C_0603_1608Metric,6.455,-56.4,180,top
C16,100 nF,C_0402_1005Metric,65.95,-35.2,-45,top
C17,100 nF,C_0402_1005Metric,51.81,-42.31,0,top
C18,100 nF,C_0402_1005Metric,62.85,-32.05,135,top
C19,1 uF,C_0603_1608Metric,54,-46.8,180,top
C20,100 nF,C_0402_1005Metric,67.03,-41.16,0,top
C21,100 nF,C_0402_1005Metric,56.5,-42.7,-135,top
C22,100 nF,C_0402_1005Metric,55.05,-38.4,-135,top
C23,1 uF,C_0603_1608Metric,53.95,-40.95,-45,top
C24,1 uF,C_0603_1608Metric,58.6375,-51.9,0,top
C25,100 nF,C_0402_1005Metric,54.9,-40.2,-45,top
C26,100 nF,C_0402_1005Metric,57.975,-43.225,-45,top
C27,20 pF,C_0603_1608Metric,74.9,-37.7,-90,top
C28,100 nF,C_0402_1005Metric,66.25,-34.15,-45,top
C29,1 uF,C_0603_1608Metric,67.2,-33.35,-45,top
C30,20 pF,C_0603_1608Metric,69.9,-37.7,-90,top
C31,10 uF,C_0805_2012Metric,58.385,-28.75,180,top
C32,100 nF,C_0402_1005Metric,74.36,-33.41,0,top
C33,10 nF,C_0603_1608Metric,79.3,-15.8,0,top
C34,47 pF,C_0603_1608Metric,86.25,-20.5,90,top
C35,47 pF,C_0603_1608Metric,86.25,-17.45,-90,top
C36,1 uF,C_0603_1608Metric,63.6,-16,90,top
C37,100 nF,C_0402_1005Metric,64.8,-16,90,top
C38,F,C_0603_1608Metric,72.3,-20.875,90,top
C39,F,C_0603_1608Metric,75.7,-21.35,90,top
C40,1 uF,C_0603_1608Metric,67.7,-45.75,180,top
C41,100 nF,C_0402_1005Metric,67.65,-47,180,top
C42,100 nF,C_0402_1005Metric,20.45,-61.75,90,top
C43,100 nF,C_0402_1005Metric,31.25,-62.375,90,top
C44,4.7 uF,C_1206_3216Metric,77.0125,-55.9,180,top
C45,4.7 uF,C_1206_3216Metric,67,-55.95,180,top
C46,4.7 uF,C_1206_3216Metric,72.2125,-55.9,0,top
C47,4.7 uF,C_1206_3216Metric,62.1,-55.95,0,top
C48,10 uF,C_0805_2012Metric,12.9,-24.7,-90,top
C49,1 uF,C_0603_1608Metric,14.65,-24.7,-90,top
C50,100 nF,C_0402_1005Metric,1.2,-29.337,-90,top
C51,1 uF,C_0603_1608Metric,29.17,-47.3,180,top
C52,100 nF,C_0402_1005Metric,29.15,-48.52,180,top
C53,100 nF,C_0402_1005Metric,75.2125,-59.3,90,top
C54,100 nF,C_0402_1005Metric,41.6,-59.3,90,top
C55,1 uF,C_0603_1608Metric,33.41,-56.985,180,top
C56,1 uF,C_0603_1608Metric,22.9,-56.9,180,top
C57,1 uF,C_0603_1608Metric,30.41,-56.985,0,top
C58,1 uF,C_0603_1608Metric,19.8,-56.9,0,top
C59,1 uF,C_0603_1608Metric,8.636,-41.656,-90,top
C60,100 nF,C_0402_1005Metric,7.366,-41.156,-90,top
C61,1 uF,C_0603_1608Metric,45.1,-46.55,180,top
C62,100 nF,C_0402_1005Metric,45.2,-53.35,180,top
C63,100 nF,C_0402_1005Metric,52.4,-59.3,90,top
C64,100 nF,C_0402_1005Metric,65.2,-59.4,90,top
C65,4.7 uF,C_1206_3216Metric,54.5,-55.99,180,top
C66,4.7 uF,C_1206_3216Metric,44.85,-55.95,180,top
C67,4.7 uF,C_1206_3216Metric,49.8,-55.99,0,top
C68,4.7 uF,C_1206_3216Metric,40.05,-55.8484,0,top
D1,CUS05S40,Toshiba_USC,12.78,-17.034,-90,top
D2,CUS05S40,Toshiba_USC,23.749,-16.383,0,top
D3,PESD2CAN,SOT-23,14.479,-13.108,-90,top
D4,CM1213A-01SO,SOT-23,86.2,-55.9,-90,top
D5,CM1213A-01SO,SOT-23,86.2,-48.8,-90,top
D6,CUS05S40,Toshiba_USC,91.7125,-28.2,180,top
D7,LED_ABRG,LED_RGB_Wuerth-PLCC4_3.2x2.8mm_150141M173100,5.6,-58.94,0,top
D8,CM1213A-01SO,SOT-23,82.8,-58.8,90,top
D9,CM1213A-01SO,SOT-23,81.8,-46.125,90,top
D10,PESD2CAN,SOT-23,83.3,-18.5,0,top
D11,CM1213A-01SO,SOT-23,3.2375,-49.4,180,top
D12,CM1213A-01SO,SOT-23,13.96,-49.9,180,top
D13,CM1213A-01SO,SOT-23,6.9375,-49.2,90,top
D14,CM1213A-01SO,SOT-23,13.12475,-57.00525,0,top
D15,CM1213A-01SO,SOT-23,78.6125,-61.3,-90,top
D16,CM1213A-01SO,SOT-23,68.1,-61.3,-90,top
D17,CM1213A-01SO,SOT-23,72.7125,-61.3,90,top
D18,CM1213A-01SO,SOT-23,62.6,-61.2,90,top
D19,CM1213A-01SO,SOT-23,22.098,-20.8,180,top
D20,CM1213A-01SO,SOT-23,26.035,-20.8,180,top
D21,CM1213A-01SO,SOT-23,34.26,-61.385,-90,top
D22,CM1213A-01SO,SOT-23,22.77,-61.235,-90,top
D23,CM1213A-01SO,SOT-23,29.01,-61.365,90,top
D24,CM1213A-01SO,SOT-23,18.13,-61.275,90,top
D25,CM1213A-01SO,SOT-23,54.8,-61.3,-90,top
D26,CM1213A-01SO,SOT-23,44,-61.4,-90,top
D27,CM1213A-01SO,SOT-23,49.8,-61.3,90,top
D28,CM1213A-01SO,SOT-23,39.2,-61.4,90,top
F1,100 mA,Fuse_1206_3216Metric,9.23,-18.134,180,top
J1,Conn_01x04,FanPinHeader_1x04_P2.54mm_Vertical,91.8,-49,-90,top
J2,Conn_01x02,PinHeader_1x02_P2.54mm_Vertical,92.2875,-39.9,-90,top
J3,Conn_01x03,PinSocket_1x03_P2.54mm_Vertical,81.975,-55.025,180,top
J4,Conn_02x05_Odd_Even,Nu-Link-Me-v3.0,56.27,-25.9,90,top
J5,OSTVN04A150,OSTVN04A150,3.65,-20,-90,top
J6,OSTVN04A150,OSTVN04A150,91.35,-20,90,top
J7,USB_B_Micro,GCT-USB3131-30-0230-A,8.825,-53.42,180,top
J8,OSTVN04A150,OSTVN04A150,79.31,-66.65,0,top
J9,OSTVN04A150,OSTVN04A150,66.61,-66.65,0,top
J10,OSTVN04A150,OSTVN04A150,28.51,-66.65,0,top
J11,OSTVN04A150,OSTVN04A150,15.81,-66.65,0,top
J12,OSTVN04A150,OSTVN04A150,53.91,-66.65,0,top
J13,OSTVN04A150,OSTVN04A150,41.21,-66.65,0,top
L1,Ferrite,L_0603_1608Metric,57.05,-46.8,0,top
L2,470 uH,Murata_LQH43_1812(4532_Metric),22.479,-13.208,0,top
L3,6.8 uH,Murata_LQH3_1212(3030_Metric),56.8,-16,0,top
L4,Ferrite,L_0603_1608Metric,51.87,-44.37,-90,top
L5,Ferrite,L_0603_1608Metric,54.25,-43.4,-45,top
L6,Ferrite,L_0603_1608Metric,2.185,-53.32,90,top
NT1,NetTie_2,Net_Tie_small,50.689214,-15.268845,-45,top
Q1,SI2318A,SOT-23,89.775,-30.7,0,top
R1,100 Ω,R_0805_2012Metric,57.85,-49.4,90,top
R2,6.8 kΩ,R_0603_1608Metric,55.575,-51.9,180,top
R3,15 kΩ,R_0603_1608Metric,52.5,-51.9,180,top
R4,Ω,R_0603_1608Metric,86.2,-46,180,top
R5,10 kΩ,R_0603_1608Metric,86.6,-59.4,-90,top
R6,10 kΩ,R_0603_1608Metric,87.1,-52.4,-90,top
R7,10 kΩ,R_0603_1608Metric,77.4,-41.1,0,top
R8,18.2 kΩ,R_0603_1608Metric,49.7,-14.7,0,top
R9,6.2 kΩ,R_0805_2012Metric,52.3,-12.7,-90,top
R10,300 Ω,R_0603_1608Metric,3.355,-56.4,0,top
R11,220 Ω,R_0603_1608Metric,2.155,-58.7,-90,top
R12,120 Ω,R_0603_1608Metric,9,-58.84,-90,top
R13,10 kΩ,R_0603_1608Metric,70.9,-32.35,90,top
R14,10 kΩ,R_0603_1608Metric,85.4,-28.05,-90,top
R15,Ω,R_0603_1608Metric,66.3,-28.5,180,top
R16,10 kΩ,R_0603_1608Metric,60.085,-30.5,180,top
R17,59Ω-62Ω,R_1206_3216Metric,75.5,-17,0,top
R18,59Ω-62Ω,R_1206_3216Metric,75.5,-14.75,0,top
R19,Ω,R_0603_1608Metric,70.78,-23.875,90,top
R20,18.2 kΩ,R_0603_1608Metric,70.8,-20.9,90,top
R21,Ω,R_0603_1608Metric,78.56,-18.07,-90,top
R22,Ω,R_0603_1608Metric,72.3,-23.875,-90,top
R23,Ω,R_0603_1608Metric,74.2,-24.37,90,top
R24,Ω,R_0603_1608Metric,74.19,-21.35,90,top
R25,1 kΩ,R_0603_1608Metric,75.7,-24.37,-90,top
R26,10 kΩ,R_0603_1608Metric,10.2375,-50.33,0,top
R27,27 Ω,R_0603_1608Metric,13.685,-54.12,0,top
R28,27 Ω,R_0603_1608Metric,13.705,-52.5,0,top
R29,6.2 kΩ,R_0805_2012Metric,77.5125,-58.2,0,top
R30,6.2 kΩ,R_0805_2012Metric,67.7,-58.2,0,top
R31,6.2 kΩ,R_0805_2012Metric,72.8125,-58.2,180,top
R32,6.2 kΩ,R_0805_2012Metric,62.6,-58.2,180,top
R33,100 Ω,R_0603_1608Metric,67.5,-53.9,0,top
R34,100 Ω,R_0603_1608Metric,74.8,-53.9,0,top
R35,100 Ω,R_0603_1608Metric,61.6,-53.1,-90,top
R36,100 Ω,R_0603_1608Metric,71.3125,-53.85,180,top
R37,Ω,R_0603_1608Metric,11.2,-32.766,180,top
R38,0 Ω,R_0603_1608Metric,11.2,-34.29,0,top
R39,10 kΩ,R_0603_1608Metric,10.668,-31.242,180,top
R40,Ω,R_0603_1608Metric,33.02,-20.955,-90,top
R41,Ω,R_0603_1608Metric,29.083,-20.955,90,top
R42,Ω,R_0603_1608Metric,36.703,-20.955,90,top
R43,0 Ω,R_0603_1608Metric,35.052,-20.955,-90,top
R44,Ω,R_0603_1608Metric,11.43,-28.956,90,top
R45,Ω,R_0603_1608Metric,9.779,-28.956,90,top
R50,1 kΩ,R_0603_1608Metric,12.954,-30.226,90,top
R51,1 kΩ,R_0603_1608Metric,14.478,-31.75,-90,top
R52,10 kΩ,R_0603_1608Metric,28.11,-57.645,90,top
R53,10 kΩ,R_0603_1608Metric,35.7,-57.775,90,top
R54,10 kΩ,R_0603_1608Metric,17.5,-57.7,90,top
R55,10 kΩ,R_0603_1608Metric,25.2,-57.7,90,top
R56,Ω,R_0603_1608Metric,33.42,-58.545,180,top
R57,Ω,R_0603_1608Metric,22.9,-58.45,180,top
R58,Ω,R_0603_1608Metric,30.39,-58.555,0,top
R59,Ω,R_0603_1608Metric,19.8,-58.45,0,top
R60,1 kΩ,R_0603_1608Metric,36.85,-53.8,90,top
R61,1 kΩ,R_0603_1608Metric,36.85,-50.35,-90,top
R62,1 kΩ,R_0603_1608Metric,21.45,-50.3,-90,top
R63,1 kΩ,R_0603_1608Metric,21.45,-53.9,90,top
R64,2 kΩ,R_0603_1608Metric,34.6,-53.5,0,top
R65,2 kΩ,R_0603_1608Metric,34.6,-50.8,0,top
R66,2 kΩ,R_0603_1608Metric,23.75,-50.55,180,top
R67,2 kΩ,R_0603_1608Metric,23.75,-53.45,180,top
R68,47 kΩ,R_0603_1608Metric,34.6,-49.3,180,top
R69,47 kΩ,R_0603_1608Metric,23.75,-49,0,top
R70,47 kΩ,R_0603_1608Metric,23.75,-55,0,top
R71,47 kΩ,R_0603_1608Metric,34.6,-55.1,180,top
R72,10 kΩ,R_0603_1608Metric,11.43,-42.672,90,top
R74,6.2 kΩ,R_0805_2012Metric,54.8,-58.2,0,top
R75,6.2 kΩ,R_0805_2012Metric,44.1,-58.2516,0,top
R76,6.2 kΩ,R_0805_2012Metric,50.2,-58.24,180,top
R77,6.2 kΩ,R_0805_2012Metric,39.3,-58.2,180,top
R78,100 Ω,R_0603_1608Metric,42.6,-53.8,0,top
R79,100 Ω,R_0603_1608Metric,52.5,-53.9,0,top
R80,100 Ω,R_0603_1608Metric,39.4,-53,-90,top
R81,100 Ω,R_0603_1608Metric,47.7,-53.8226,0,top
U1,AZ431LAN,SOT-23,54.02,-49.38,180,top
U2,AP63200,Diodes-Inc_TSOT26,52.985,-16.015,-90,top
U3,M483SGCAE,LQFP-64_7x7mm_P0.4mm,61.1,-38.35,135,top
U4,SST25VF080B-50-4x-S2Ax,SOIC-8_P1.27mm_Multi,78.15,-29.7,180,top
U5,SN65HVD235,SOIC-8_3.9x4.9mm_P1.27mm,69,-16,0,top
U6,BD12734FVJ-E2,TSSOP-14_4.4x5mm_P0.65mm,67.4,-50.3,180,top
U7,SCD30,SCD30,16.827701,-23.95,0,top
U8,SHT35-DIS,Sensirion_DFN-8-1EP_2.5x2.5mm_P0.5mm_EP1.1x1.7mm,3.81,-28.956,180,top
U9,OPA4317IPWR,TSSOP-14_4.4x5mm_P0.65mm,29.18,-51.8,180,top
U10,ERC13232FN-1,ERC13232FN-1,5.6,-47.2,90,top
U11,BD12734FVJ-E2,TSSOP-14_4.4x5mm_P0.65mm,45.1,-50.1,180,top
Y1,12 MHz,Crystal_SMD_3225-4Pin_3.2x2.5mm,72.4,-37.7,-90,top
