Reference, Quantity, Value, Footprint, Datasheet, LCSC, Mfr., P/N, Rated Voltage, Temp. Coef., Alternate P/N, Do Not Place, Tolerance
C1 C2 C12 C13 C31 C48 ,6,10 uF,Capacitor_SMD:C_0805_2012Metric,,C386019,TDK Corporation ,C2012X7R0J106K125AB,6.3V,X7R,,,
C11 ,1,33 pF,Capacitor_SMD:C_0603_1608Metric,,C107047,Kemet,C0603C330J1GACAUTO,50V,NP0/C0G,,,
C14 C16 C17 C18 C20 C21 C22 C25 C26 C28 C32 C37 C41 C42 C43 C50 C52 C53 C54 C60 C62 C63 C64 ,23,100 nF,Capacitor_SMD:C_0402_1005Metric,,C77014,Kyocera,0402YC104KAT2A,16V,X7R,,,
C27 C30 ,2,20 pF,Capacitor_SMD:C_0603_1608Metric,,C123543,Stackpole,CML0603C0G200JT50V,50V,NP0/C0G,,,
C3 C4 C7 C10 C44 C45 C46 C47 C65 C66 C67 C68 ,12,4.7 uF,Capacitor_SMD:C_1206_3216Metric,https://search.murata.co.jp/Ceramy/image/img/A01X/G101/ENG/GRM31CR71H475KA12-01.pdf,C92853,Murata Electronics,GRM31CR71H475KA12L,50V,X7R,,,
C33 ,1,10 nF,Capacitor_SMD:C_0603_1608Metric,,DNP,,,,,,DNP,
C34 C35 ,2,47 pF,Capacitor_SMD:C_0603_1608Metric,,C126580,Samsung,CL10C470JB81PNC,50V,NP0/C0G,,,
C38 C39 ,2,F,Capacitor_SMD:C_0603_1608Metric,,DNP,,,,,,DNP,
C5 C8 ,2,100 nF,Capacitor_SMD:C_0603_1608Metric,,C314282,Samsung Electro-Mechanics,CL10B104KB8NNWC,50V,X7R,,,
C6 ,1,220 uF,CAN-Acquisition-Module:CP_Radial_D10.0mm_P5.00mm_Horizontal,https://www.rubycon.co.jp/wp-content/uploads/catalog-aluminum/YXJ.pdf,C437645,Rubycon,50YXJ220M10X16,50V,105°C min.,50ZLH220MEFCT810X16,,
C9 C15 C19 C23 C24 C29 C36 C40 C49 C51 C55 C56 C57 C58 C59 C61 ,16,1 uF,Capacitor_SMD:C_0603_1608Metric,,C386079,Samsung,CL10B105KA8NNNC,25V,X7R,,,
D1 D2 D6 ,3,CUS05S40,CAN-Acquisition-Module:Toshiba_USC,,C2762696,Toshiba,"CUS05S40,H3F",,,,,
D3 D10 ,2,PESD2CAN,Package_TO_SOT_SMD:SOT-23,https://assets.nexperia.com/documents/data-sheet/PESD2CAN.pdf,C284078,Comchip Technology,CPDT-24V,,,,,
D4 D5 D8 D9 D11 D12 D13 D14 D15 D16 D17 D18 D19 D20 D21 D22 D23 D24 D25 D26 D27 D28 ,22,CM1213A-01SO,Package_TO_SOT_SMD:SOT-23,http://www.onsemi.com/pub_link/Collateral/CM1213A-D.PDF,C558429,Diodes Incorporated,D1213A-01SO-7,,,,,
D7 ,1,LED_ABRG,CAN-Acquisition-Module:LED_RGB_Wuerth-PLCC4_3.2x2.8mm_150141M173100,,C409779,Wurth Electronics,150141M173100,,,MHPA3528RGBCT,,
F1 ,1,100 mA,Fuse:Fuse_1206_3216Metric,https://www.belfuse.com/resources/datasheets/circuitprotection/ds-cp-0zcj-series.pdf,C70065,Bel Fuse Inc.,0ZCJ0005FF2E,,,nSMD010,,
H1 H2 H3 H4 ,4,MountingHole,MountingHole:MountingHole_3.2mm_M3,,DNP,,,,,,DNP,
J1 ,1,Conn_01x04,Connector:FanPinHeader_1x04_P2.54mm_Vertical,,DNP,,,,,,DNP,
J2 ,1,Conn_01x02,Connector_PinHeader_2.54mm:PinHeader_1x02_P2.54mm_Vertical,,DNP,,,,,,DNP,
J3 ,1,Conn_01x03,Connector_PinSocket_2.54mm:PinSocket_1x03_P2.54mm_Vertical,,DNP,,,,,,DNP,
J4 ,1,Conn_02x05_Odd_Even,CAN-Acquisition-Module:Nu-Link-Me-v3.0,,C124387,,,,,,,
J5 J6 J8 J9 J10 J11 J12 J13 ,8,OSTVN04A150,CAN-Acquisition-Module:OSTVN04A150,,C708735,On-Shore,OSTVN04A150,,,,,
J7 ,1,USB_B_Micro,CAN-Acquisition-Module:GCT-USB3131-30-0230-A,https://gct.co/files/drawings/usb3131.pdf?v=33e528c4-fc40-4e86-8db1-6ee6a219205e,C920231,GCT,USB3131-30-0230-A,,,,,
L1 L4 L5 L6 ,4,Ferrite,Inductor_SMD:L_0603_1608Metric,,C96995,Eaton,MFBM1V1608-300-R,,,,,
L2 ,1,470 uH,CAN-Acquisition-Module:Murata_LQH43_1812(4532_Metric),https://search.murata.co.jp/Ceramy/image/img/P02/JELF243A-0042.pdf,C703770,Murata Electronics,LQH43CN471K03L,,,,,
L3 ,1,4.7 uH,Inductor_SMD:L_1008_2520Metric,https://product.tdk.com/info/en/catalog/datasheets/inductor_automotive_power_tfm252012alva_en.pdf?ref_disty=digikey,C91237,TDK Corporation,TFM252012ALVA4R7MTAA,,,MLP2520S4R7MT0S1,,
NT1 ,1,NetTie_2,CAN-Acquisition-Module:Net_Tie_small,,DNP,,,,,,DNP,
Q1 ,1,SI2318A,Package_TO_SOT_SMD:SOT-23,https://www.mccsemi.com/pdf/Products/SI2318A(SOT-23).pdf,DNP,Micro Commercial Co.,SI2318A-TP,,,IRLML0040,DNP,
R1 ,1,100 Ω,Resistor_SMD:R_0805_2012Metric,,C17408,Stackpole,RNCP0805FTD100R,,,,,5%
R10 ,1,300 Ω,Resistor_SMD:R_0603_1608Metric,,C114617,Panasonic,ERJ-3EKF3000V,,,,,1%
R11 ,1,220 Ω,Resistor_SMD:R_0603_1608Metric,,C22962,Stackpole,RMCF0603FT120R,,,,,1%
R12 ,1,120 Ω,Resistor_SMD:R_0603_1608Metric,,C22787,Stackpole,RMCF0603FT120R,,,,,1%
R17 R18 ,2,59Ω-62Ω,Resistor_SMD:R_1206_3216Metric,,DNP,,,,,,DNP,
R2 ,1,6.8 kΩ,Resistor_SMD:R_0603_1608Metric,,C55912,Panasonic,ERJ-PB3B6801V,,,,,0.10%
R20 ,1,22 kΩ,Resistor_SMD:R_0603_1608Metric,,C114065,Stackpole,RMCF0603FT22K0,,,,,1%
R25 R50 R51 R60 R61 R62 R63 ,7,1 kΩ,Resistor_SMD:R_0603_1608Metric,,C22548,Stackpole,RMCF0603FT1K00,,,,,1%
R27 R28 ,2,27 Ω,Resistor_SMD:R_0603_1608Metric,,C25190,Stackpole,RMCF0603FT27R0,,,,,1%
R29 R30 R31 R32 R74 R75 R76 R77 ,8,6.2 kΩ,Resistor_SMD:R_0805_2012Metric,,C351551,Panasonic,ERA-6AEB622V,,,,,0.10%
R3 R9 ,2,15 kΩ,Resistor_SMD:R_0603_1608Metric,,C60590,KOA Speer,RN73R1JTTD1502B25,,,,,0.10%
R33 R34 R35 R36 R78 R79 R80 R81 ,8,100 Ω,Resistor_SMD:R_0603_1608Metric,,C105588,Stackpole,RMCF0603JT100R,,,,,1%
R38 R43 ,2,0 Ω,Resistor_SMD:R_0603_1608Metric,,C21189,Stackpole,RMCF0603ZT0R00,,,,,1%
R4 R15 R19 R21 R22 R23 R24 R37 R40 R41 R42 R44 R45 R56 R57 R58 R59 ,17,Ω,Resistor_SMD:R_0603_1608Metric,,DNP,,,,,,DNP,
R5 R6 R7 R13 R14 R16 R26 R39 R52 R53 R54 R55 R72 ,13,10 kΩ,Resistor_SMD:R_0603_1608Metric,,C98220,Stackpole,RMCF0603FT10K0,,,,,1%
R64 R65 R66 R67 ,4,2 kΩ,Resistor_SMD:R_0603_1608Metric,,C22975,Stackpole,RMCF0603FT2K00,,,,,1%
R8 R68 R69 R70 R71 ,5,47 kΩ,Resistor_SMD:R_0603_1608Metric,,C105579,TE Connectivity,CRGCQ0603F47K,,,,,1%
U1 ,1,AZ431LAN,Package_TO_SOT_SMD:SOT-23,http://www.ti.com/lit/ds/symlink/tl431.pdf,C460576,Diodes Incorporated,AZ431LANTR-G1,,,,,0.10%
U10 ,1,ERC13232FN-1,CAN-Acquisition-Module:ERC13232FN-1,https://www.buydisplay.com/download/manual/ERC13232-1_Datasheet.pdf,,EastRising,ERC13232FN-1,,,,,
U2 ,1,S-8581AA,CAN-Acquisition-Module:Ablic_HSTN-8-A,https://www.ablic.com/en/doc/datasheet/switching_regulator/S8580AA_8580AB_8581AA_8581AB_E.pdf,C3190966,Ablic,S-8581AA-A8T1U7,,,,,
U3 ,1,M483SGCAE,Package_QFP:LQFP-64_7x7mm_P0.4mm,https://www.nuvoton.com/export/resource-files/DS_M480_Series_EN_Rev3.04.pdf,C3231235,Nuvoton,M483SGCAE,,,,,
U4 ,1,SST25VF080B-50-4x-S2Ax,CAN-Acquisition-Module:SOIC-8_P1.27mm_Multi,http://ww1.microchip.com/downloads/en/DeviceDoc/20005045C.pdf,DNP,,,,,,DNP,
U5 ,1,SN65HVD234,Package_SO:SOIC-8_3.9x4.9mm_P1.27mm,http://www.ti.com/lit/ds/symlink/sn65hvd234.pdf,C111810,,,,,,,
U6 U11 ,2,BD12734FVJ-E2,Package_SO:TSSOP-14_4.4x5mm_P0.65mm,https://fscdn.rohm.com/en/products/databook/datasheet/ic/amp_linear/opamp/bd12730g-e.pdf,C49038,Rohm Semiconductor,BD12734FVJ-E2,,,MCP6L04T,,
U7 ,1,SCD30,CAN-Acquisition-Module:SCD30,https://sensirion.com/media/documents/4EAF6AF8/61652C3C/Sensirion_CO2_Sensors_SCD30_Datasheet.pdf,DNP,Sensirion,SCD30,,,,DNP,
U8 ,1,SHT35-DIS,CAN-Acquisition-Module:Sensirion_DFN-8-1EP_2.5x2.5mm_P0.5mm_EP1.1x1.7mm,https://www.sensirion.com/fileadmin/user_upload/customers/sensirion/Dokumente/2_Humidity_Sensors/Datasheets/Sensirion_Humidity_Sensors_SHT3x_Datasheet_digital.pdf,C90161,Sensirion,SHT35-DIS-B10KS,,,,,
U9 ,1,OPA4317IPWR,Package_SO:TSSOP-14_4.4x5mm_P0.65mm,https://www.ti.com/general/docs/suppproductinfo.tsp?distId=10&gotoUrl=https%3A%2F%2Fwww.ti.com%2Flit%2Fgpn%2Fopa4317,C783605,Texas Instruments,OPA4317IPWR,,,,,
Y1 ,1,12 MHz,Crystal:Crystal_SMD_3225-4Pin_3.2x2.5mm,,C91749,Aker Technology,C3E-12.000-18-3030-X-R,,,,,
