Comment,Designator,Footprint,LCSC
"10 uF, X7R, 6.3V","C1,C2,C12,C13,C31,C48",0805,C386019
"33 pF, NP0/C0G, 50V",C11,0603,C107047
"100 nF, X7R, 16V","C14,C16,C17,C18,C20,C21,C22,C25,C26,C28,C32,C37,C41,C42,C43,C50,C52,C53,C54,C60,C62,C63,C64",0402,C77014
"20 pF, NP0/C0G, 50V","C27,C30",0603,C123543
"4.7 uF, X7R, 50V","C3,C4,C7,C10,C44,C45,C46,C47,C65,C66,C67,C68",1206,C92853
DNP,C33,0603,DNP
"47 pF, NP0/C0G, 50V","C34,C35",0603,C126580
DNP,"C38,C39",0603,DNP
"100 nF, X7R, 50V","C5,C8",0603,C314282
"220 uF, 50V, 10000hrs@105C",C6,CAN-Acquisition-Module:CP_Radial_D10.0mm_P5.00mm_Horizontal,C437645
"1 uF, X7R, 25V","C9,C15,C19,C23,C24,C29,C36,C40,C49,C51,C55,C56,C57,C58,C59,C61",603,C386079
CUS05S40,"D1,D2,D6",CAN-Acquisition-Module:Toshiba_USC,C2762696
PESD2CAN,"D3,D10",Package_TO_SOT_SMD:SOT-23,C284078
CM1213A-01SO,"D4,D5,D8,D9,D11,D12,D13,D14,D15,D16,D17,D18,D19,D20,D21,D22,D23,D24,D25,D26,D27,D28",Package_TO_SOT_SMD:SOT-23,C558429
LED_ABRG,D7,CAN-Acquisition-Module:LED_RGB_Wuerth-PLCC4_3.2x2.8mm_150141M173100,C409779
100 mA,F1,1206,C70065
DNP,"H1,H2,H3,H4",MountingHole:MountingHole_3.2mm_M3,DNP
DNP,J1,Connector:FanPinHeader_1x04_P2.54mm_Vertical,DNP
DNP,J2,Connector_PinHeader_2.54mm:PinHeader_1x02_P2.54mm_Vertical,DNP
DNP,J3,Connector_PinSocket_2.54mm:PinSocket_1x03_P2.54mm_Vertical,DNP
Conn_02x05_Odd_Even,J4,CAN-Acquisition-Module:Nu-Link-Me-v3.0,C124387
OSTVN04A150,"J5,J6,J8,J9,J10,J11,J12,J13",CAN-Acquisition-Module:OSTVN04A150,C708735
USB_B_Micro,J7,CAN-Acquisition-Module:GCT-USB3131-30-0230-A,C920231
Ferrite,"L1,L4,L5,L6",Inductor_SMD:L_0603_1608Metric,C96995
470 uH,L2,CAN-Acquisition-Module:Murata_LQH43_1812(4532_Metric),C703770
4.7 uH,L3,Inductor_SMD:L_1008_2520Metric,C91237
DNP,NT1,CAN-Acquisition-Module:Net_Tie_small,DNP
DNP,Q1,Package_TO_SOT_SMD:SOT-23,DNP
"100R, 5%",R1,0805,C17408
"300R, 5%",R10,0603,C114617
"220R, 5%",R11,0603,C22962
"120R, 5%",R12,0603,C22787
DNP,"R17,R18",1206,DNP
"6K8, 0.1%",R2,0603,C55912
"22K, 1%",R20,0603,C114065
"1K, 1%","R25,R50,R51,R60,R61,R62,R63",0603,C22548
"27R, 1%","R27,R28",0603,C25190
"6K2, 0.1%","R29,R30,R31,R32,R74,R75,R76,R77",0805,C351551
"15K, 0.1%","R3,R9",0603,C60590
"100R, 1%","R33,R34,R35,R36,R78,R79,R80,R81",0603,C105588
0R,"R38,R43",0603,C21189
DNP,"R4,R15,R19,R21,R22,R23,R24,R37,R40,R41,R42,R44,R45,R56,R57,R58,R59",0603,DNP
"10K, 1%","R5,R6,R7,R13,R14,R16,R26,R39,R52,R53,R54,R55,R72",0603,C98220
"2K, 1%","R64,R65,R66,R67",0603,C22975
"47K, 1%","R8,R68,R69,R70,R71",0603,C105579
AZ431LAN,U1,Package_TO_SOT_SMD:SOT-23,C460576
ERC13232FN-1,U10,CAN-Acquisition-Module:ERC13232FN-1,?
S-8581AA,U2,CAN-Acquisition-Module:Ablic_HSTN-8-A,C3190966
M483SGCAE,U3,Package_QFP:LQFP-64_7x7mm_P0.4mm,C3231235
DNP,U4,CAN-Acquisition-Module:SOIC-8_P1.27mm_Multi,DNP
SN65HVD234,U5,Package_SO:SOIC-8_3.9x4.9mm_P1.27mm,C111810
BD12734FVJ-E2,"U6,U11",Package_SO:TSSOP-14_4.4x5mm_P0.65mm,C49038
DNP,U7,CAN-Acquisition-Module:SCD30,DNP
SHT35-DIS,U8,CAN-Acquisition-Module:Sensirion_DFN-8-1EP_2.5x2.5mm_P0.5mm_EP1.1x1.7mm,C90161
OPA4317IPWR,U9,Package_SO:TSSOP-14_4.4x5mm_P0.65mm,C783605
12 MHz,Y1,Crystal:Crystal_SMD_3225-4Pin_3.2x2.5mm,C91749
